,Restaurant,Food_Name,Nutrients,Calories
0,Schlotzsky's,"Ham Burrito, Whole","[{'value': 29, 'attr_id': 203}, {'value': 21, 'attr_id': 204}, {'value': 44, 'attr_id': 205}, {'value': 490, 'attr_id': 208}, {'value': 7, 'attr_id': 269}, {'value': 5, 'attr_id': 291}, {'value': 1700, 'attr_id': 307}, {'value': 265, 'attr_id': 601}, {'value': 0, 'attr_id': 605}, {'value': 9, 'attr_id': 606}]",490
1,Schlotzsky's,"Ham Burrito, Half","[{'value': 14, 'attr_id': 203}, {'value': 11, 'attr_id': 204}, {'value': 22, 'attr_id': 205}, {'value': 240, 'attr_id': 208}, {'value': 3, 'attr_id': 269}, {'value': 2, 'attr_id': 291}, {'value': 850, 'attr_id': 307}, {'value': 130, 'attr_id': 601}, {'value': 0, 'attr_id': 605}, {'value': 5, 'attr_id': 606}]",240
2,Schlotzsky's,"Sausage Burrito, Half","[{'value': 15, 'attr_id': 203}, {'value': 15, 'attr_id': 204}, {'value': 21, 'attr_id': 205}, {'value': 280, 'attr_id': 208}, {'value': 3, 'attr_id': 269}, {'value': 2, 'attr_id': 291}, {'value': 590, 'attr_id': 307}, {'value': 145, 'attr_id': 601}, {'value': 0, 'attr_id': 605}, {'value': 5, 'attr_id': 606}]",280
3,Schlotzsky's,"Sausage Burrito, Whole","[{'value': 29, 'attr_id': 203}, {'value': 31, 'attr_id': 204}, {'value': 41, 'attr_id': 205}, {'value': 570, 'attr_id': 208}, {'value': 5, 'attr_id': 269}, {'value': 5, 'attr_id': 291}, {'value': 1180, 'attr_id': 307}, {'value': 290, 'attr_id': 601}, {'value': 0, 'attr_id': 605}, {'value': 11, 'attr_id': 606}]",570
4,Schlotzsky's,"Bacon Burrito, Half","[{'value': 11, 'attr_id': 203}, {'value': 11, 'attr_id': 204}, {'value': 21, 'attr_id': 205}, {'value': 230, 'attr_id': 208}, {'value': 3, 'attr_id': 269}, {'value': 2, 'attr_id': 291}, {'value': 530, 'attr_id': 307}, {'value': 120, 'attr_id': 601}, {'value': 0, 'attr_id': 605}, {'value': 5, 'attr_id': 606}]",230
5,Schlotzsky's,"Veggie Burrito, Half","[{'value': 10, 'attr_id': 203}, {'value': 10, 'attr_id': 204}, {'value': 22, 'attr_id': 205}, {'value': 210, 'attr_id': 208}, {'value': 3, 'attr_id': 269}, {'value': 3, 'attr_id': 291}, {'value': 440, 'attr_id': 307}, {'value': 115, 'attr_id': 601}, {'value': 0, 'attr_id': 605}, {'value': 4, 'attr_id': 606}]",210
6,Schlotzsky's,"Veggie Burrito, Whole","[{'value': 19, 'attr_id': 203}, {'value': 19, 'attr_id': 204}, {'value': 44, 'attr_id': 205}, {'value': 430, 'attr_id': 208}, {'value': 7, 'attr_id': 269}, {'value': 6, 'attr_id': 291}, {'value': 880, 'attr_id': 307}, {'value': 235, 'attr_id': 601}, {'value': 0, 'attr_id': 605}, {'value': 8, 'attr_id': 606}]",430
7,Schlotzsky's,"Bacon Burrito, Whole","[{'value': 22, 'attr_id': 203}, {'value': 22, 'attr_id': 204}, {'value': 41, 'attr_id': 205}, {'value': 460, 'attr_id': 208}, {'value': 5, 'attr_id': 269}, {'value': 5, 'attr_id': 291}, {'value': 1060, 'attr_id': 307}, {'value': 240, 'attr_id': 601}, {'value': 0, 'attr_id': 605}, {'value': 9, 'attr_id': 606}]",460
8,Burger King,Egg-Normous Burrito,"[{'value': 38, 'attr_id': 203}, {'value': 57, 'attr_id': 204}, {'value': 68, 'attr_id': 205}, {'value': 940, 'attr_id': 208}, {'value': 5, 'attr_id': 269}, {'value': 7, 'attr_id': 291}, {'value': 2460, 'attr_id': 307}, {'value': 375, 'attr_id': 601}, {'value': 1, 'attr_id': 605}, {'value': 20, 'attr_id': 606}]",940
9,Burger King,"Sausage, Egg, Cheese & Hash Brown Burrito","[{'value': 15, 'attr_id': 203}, {'value': 23, 'attr_id': 204}, {'value': 27, 'attr_id': 205}, {'value': 370, 'attr_id': 208}, {'value': 2, 'attr_id': 269}, {'value': 3, 'attr_id': 291}, {'value': 930, 'attr_id': 307}, {'value': 150, 'attr_id': 601}, {'value': 0, 'attr_id': 605}, {'value': 8, 'attr_id': 606}]",370
10,Jack in the Box,Meat Lovers Breakfast Burrito with Salsa,"[{'value': 39, 'attr_id': 203}, {'value': 50, 'attr_id': 204}, {'value': 50, 'attr_id': 205}, {'value': 790, 'attr_id': 208}, {'value': 4, 'attr_id': 269}, {'value': 3, 'attr_id': 291}, {'value': 1710, 'attr_id': 307}, {'value': 410, 'attr_id': 601}, {'value': 0.5, 'attr_id': 605}, {'value': 21, 'attr_id': 606}]",790
11,Jack in the Box,Grande Sausage Breakfast Burrito without Salsa,"[{'value': 35, 'attr_id': 203}, {'value': 70, 'attr_id': 204}, {'value': 67, 'attr_id': 205}, {'value': 1040, 'attr_id': 208}, {'value': 4, 'attr_id': 269}, {'value': 4, 'attr_id': 291}, {'value': 2010, 'attr_id': 307}, {'value': 390, 'attr_id': 601}, {'value': 0.5, 'attr_id': 605}, {'value': 20, 'attr_id': 606}]",1040
12,Jack in the Box,Meat Lovers Breakfast Burrito without Salsa,"[{'value': 39, 'attr_id': 203}, {'value': 50, 'attr_id': 204}, {'value': 48, 'attr_id': 205}, {'value': 780, 'attr_id': 208}, {'value': 3, 'attr_id': 269}, {'value': 2, 'attr_id': 291}, {'value': 1590, 'attr_id': 307}, {'value': 410, 'attr_id': 601}, {'value': 0.5, 'attr_id': 605}, {'value': 21, 'attr_id': 606}]",780
13,Jack in the Box,Grande Sausage Breakfast Burrito with Salsa,"[{'value': 36, 'attr_id': 203}, {'value': 70, 'attr_id': 204}, {'value': 68, 'attr_id': 205}, {'value': 1040, 'attr_id': 208}, {'value': 5, 'attr_id': 269}, {'value': 5, 'attr_id': 291}, {'value': 2130, 'attr_id': 307}, {'value': 390, 'attr_id': 601}, {'value': 0.5, 'attr_id': 605}, {'value': 20, 'attr_id': 606}]",1040
14,Wendy's,Sausage and Egg Burrito,"[{'value': 17, 'attr_id': 203}, {'value': 20, 'attr_id': 204}, {'value': 29, 'attr_id': 205}, {'value': 360, 'attr_id': 208}, {'value': 2, 'attr_id': 269}, {'value': 1, 'attr_id': 291}, {'value': 920, 'attr_id': 307}, {'value': 210, 'attr_id': 601}, {'value': 0, 'attr_id': 605}, {'value': 8, 'attr_id': 606}]",360
15,Wendy's,Two Sausage and Egg Burritos,"[{'value': 34, 'attr_id': 203}, {'value': 41, 'attr_id': 204}, {'value': 59, 'attr_id': 205}, {'value': 720, 'attr_id': 208}, {'value': 5, 'attr_id': 269}, {'value': 2, 'attr_id': 291}, {'value': 1830, 'attr_id': 307}, {'value': 420, 'attr_id': 601}, {'value': 0, 'attr_id': 605}, {'value': 16, 'attr_id': 606}]",720
16,Sonic,Supersonic Breakfast Burrito,"[{'value': 24, 'attr_id': 203}, {'value': 35, 'attr_id': 204}, {'value': 49, 'attr_id': 205}, {'value': 610, 'attr_id': 208}, {'value': 3, 'attr_id': 269}, {'value': 3, 'attr_id': 291}, {'value': 455, 'attr_id': 301}, {'value': 4.5, 'attr_id': 303}, {'value': 1800, 'attr_id': 307}, {'value': 1000, 'attr_id': 318}, {'value': 3.6, 'attr_id': 401}, {'value': 325, 'attr_id': 601}, {'value': 0, 'attr_id': 605}, {'value': 14, 'attr_id': 606}]",610
17,Sonic,Jr. Breakfast Burrito,"[{'value': 12, 'attr_id': 203}, {'value': 17, 'attr_id': 204}, {'value': 22, 'attr_id': 205}, {'value': 290, 'attr_id': 208}, {'value': 0, 'attr_id': 269}, {'value': 1, 'attr_id': 291}, {'value': 260, 'attr_id': 301}, {'value': 2.7, 'attr_id': 303}, {'value': 820, 'attr_id': 307}, {'value': 400, 'attr_id': 318}, {'value': 0, 'attr_id': 401}, {'value': 145, 'attr_id': 601}, {'value': 0, 'attr_id': 605}, {'value': 7, 'attr_id': 606}]",290
18,Sonic,Breakfast Burrito with Ham,"[{'value': 27, 'attr_id': 203}, {'value': 20, 'attr_id': 204}, {'value': 38, 'attr_id': 205}, {'value': 440, 'attr_id': 208}, {'value': 2, 'attr_id': 269}, {'value': 1, 'attr_id': 291}, {'value': 390, 'attr_id': 301}, {'value': 3.6, 'attr_id': 303}, {'value': 1920, 'attr_id': 307}, {'value': 750, 'attr_id': 318}, {'value': 0, 'attr_id': 401}, {'value': 330, 'attr_id': 601}, {'value': 0, 'attr_id': 605}, {'value': 9, 'attr_id': 606}]",440
19,Sonic,Breakfast Burrito with Sausage,"[{'value': 23, 'attr_id': 203}, {'value': 30, 'attr_id': 204}, {'value': 35, 'attr_id': 205}, {'value': 500, 'attr_id': 208}, {'value': 1, 'attr_id': 269}, {'value': 1, 'attr_id': 291}, {'value': 390, 'attr_id': 301}, {'value': 3.6, 'attr_id': 303}, {'value': 1430, 'attr_id': 307}, {'value': 750, 'attr_id': 318}, {'value': 0, 'attr_id': 401}, {'value': 325, 'attr_id': 601}, {'value': 0, 'attr_id': 605}, {'value': 13, 'attr_id': 606}]",500
20,Sonic,Breakfast Burrito with Bacon,"[{'value': 25, 'attr_id': 203}, {'value': 25, 'attr_id': 204}, {'value': 35, 'attr_id': 205}, {'value': 470, 'attr_id': 208}, {'value': 1, 'attr_id': 269}, {'value': 1, 'attr_id': 291}, {'value': 390, 'attr_id': 301}, {'value': 3.6, 'attr_id': 303}, {'value': 1540, 'attr_id': 307}, {'value': 750, 'attr_id': 318}, {'value': 0, 'attr_id': 401}, {'value': 320, 'attr_id': 601}, {'value': 0, 'attr_id': 605}, {'value': 11, 'attr_id': 606}]",470
21,Sonic,Ultimate Meat & Cheese Breakfast Burrito,"[{'value': 30, 'attr_id': 203}, {'value': 58, 'attr_id': 204}, {'value': 47, 'attr_id': 205}, {'value': 840, 'attr_id': 208}, {'value': 1, 'attr_id': 269}, {'value': 2, 'attr_id': 291}, {'value': 390, 'attr_id': 301}, {'value': 4.5, 'attr_id': 303}, {'value': 2020, 'attr_id': 307}, {'value': 750, 'attr_id': 318}, {'value': 1.2, 'attr_id': 401}, {'value': 360, 'attr_id': 601}, {'value': 0.5, 'attr_id': 605}, {'value': 19, 'attr_id': 606}]",840
22,McDonald's,Chorizo Burrito,"[{'value': 16, 'attr_id': 203}, {'value': 15, 'attr_id': 204}, {'value': 28, 'attr_id': 205}, {'value': 310, 'attr_id': 208}, {'value': 3, 'attr_id': 269}, {'value': 2, 'attr_id': 291}, {'value': 195, 'attr_id': 301}, {'value': 2.7, 'attr_id': 303}, {'value': 820, 'attr_id': 307}, {'value': 1250, 'attr_id': 318}, {'value': 2.4, 'attr_id': 401}, {'value': 175, 'attr_id': 601}, {'value': 0, 'attr_id': 605}, {'value': 6, 'attr_id': 606}]",310
23,McDonald's,Sausage Burrito,"[{'value': 13, 'attr_id': 203}, {'value': 16, 'attr_id': 204}, {'value': 26, 'attr_id': 205}, {'value': 300, 'attr_id': 208}, {'value': 2, 'attr_id': 269}, {'value': 1, 'attr_id': 291}, {'value': 195, 'attr_id': 301}, {'value': 2.7, 'attr_id': 303}, {'value': 780, 'attr_id': 307}, {'value': 750, 'attr_id': 318}, {'value': 0, 'attr_id': 401}, {'value': 165, 'attr_id': 601}, {'value': 0, 'attr_id': 605}, {'value': 6, 'attr_id': 606}]",300
24,McDonald's,Steak & Egg Burrito,"[{'value': 16, 'attr_id': 203}, {'value': 15, 'attr_id': 204}, {'value': 38, 'attr_id': 205}, {'value': 350, 'attr_id': 208}, {'value': 3, 'attr_id': 269}, {'value': 2, 'attr_id': 291}, {'value': 195, 'attr_id': 301}, {'value': 2.7, 'attr_id': 303}, {'value': 950, 'attr_id': 307}, {'value': 750, 'attr_id': 318}, {'value': 1.2, 'attr_id': 401}, {'value': 115, 'attr_id': 601}, {'value': 0.5, 'attr_id': 605}, {'value': 6, 'attr_id': 606}]",350
25,McDonald's,Green Chile Bacon Burrito,"[{'value': 29, 'attr_id': 203}, {'value': 35, 'attr_id': 204}, {'value': 66, 'attr_id': 205}, {'value': 690, 'attr_id': 208}, {'value': 5, 'attr_id': 269}, {'value': 3, 'attr_id': 291}, {'value': 390, 'attr_id': 301}, {'value': 4.5, 'attr_id': 303}, {'value': 1640, 'attr_id': 307}, {'value': 1000, 'attr_id': 318}, {'value': 24, 'attr_id': 401}, {'value': 410, 'attr_id': 601}, {'value': 1, 'attr_id': 605}, {'value': 12, 'attr_id': 606}]",690
26,McDonald's,Green Chile Sausage Burrito,"[{'value': 30, 'attr_id': 203}, {'value': 48, 'attr_id': 204}, {'value': 66, 'attr_id': 205}, {'value': 820, 'attr_id': 208}, {'value': 5, 'attr_id': 269}, {'value': 3, 'attr_id': 291}, {'value': 455, 'attr_id': 301}, {'value': 4.5, 'attr_id': 303}, {'value': 1680, 'attr_id': 307}, {'value': 1250, 'attr_id': 318}, {'value': 18, 'attr_id': 401}, {'value': 430, 'attr_id': 601}, {'value': 1, 'attr_id': 605}, {'value': 17, 'attr_id': 606}]",820
27,Taco Cabana,Beef Cabana Burrito,"[{'value': 33, 'attr_id': 203}, {'value': 29, 'attr_id': 204}, {'value': 79, 'attr_id': 205}, {'value': 720, 'attr_id': 208}, {'value': 5, 'attr_id': 269}, {'value': 5, 'attr_id': 291}, {'value': 2080, 'attr_id': 307}, {'value': 85, 'attr_id': 601}, {'value': 1, 'attr_id': 605}, {'value': 15, 'attr_id': 606}]",720
28,Taco Cabana,Brisket Cabana Burrito,"[{'value': 29, 'attr_id': 203}, {'value': 40, 'attr_id': 204}, {'value': 76, 'attr_id': 205}, {'value': 790, 'attr_id': 208}, {'value': 4, 'attr_id': 269}, {'value': 4, 'attr_id': 291}, {'value': 2060, 'attr_id': 307}, {'value': 95, 'attr_id': 601}, {'value': 0, 'attr_id': 605}, {'value': 19, 'attr_id': 606}]",790
29,Taco Cabana,Chicken Cabana Burrito,"[{'value': 39, 'attr_id': 203}, {'value': 30, 'attr_id': 204}, {'value': 81, 'attr_id': 205}, {'value': 770, 'attr_id': 208}, {'value': 5, 'attr_id': 269}, {'value': 4, 'attr_id': 291}, {'value': 2320, 'attr_id': 307}, {'value': 135, 'attr_id': 601}, {'value': 0, 'attr_id': 605}, {'value': 13, 'attr_id': 606}]",770
30,Taco Cabana,Chicken Fajita Cabana Burrito,"[{'value': 40, 'attr_id': 203}, {'value': 26, 'attr_id': 204}, {'value': 79, 'attr_id': 205}, {'value': 730, 'attr_id': 208}, {'value': 4, 'attr_id': 269}, {'value': 4, 'attr_id': 291}, {'value': 2270, 'attr_id': 307}, {'value': 105, 'attr_id': 601}, {'value': 0, 'attr_id': 605}, {'value': 13, 'attr_id': 606}]",730
31,Taco Cabana,Steak Fajita Cabana Burrito,"[{'value': 36, 'attr_id': 203}, {'value': 31, 'attr_id': 204}, {'value': 79, 'attr_id': 205}, {'value': 750, 'attr_id': 208}, {'value': 4, 'attr_id': 269}, {'value': 4, 'attr_id': 291}, {'value': 2180, 'attr_id': 307}, {'value': 100, 'attr_id': 601}, {'value': 1, 'attr_id': 605}, {'value': 15, 'attr_id': 606}]",750
32,Taco Bell,Bean Burrito,"[{'value': 13, 'attr_id': 203}, {'value': 9, 'attr_id': 204}, {'value': 54, 'attr_id': 205}, {'value': 350, 'attr_id': 208}, {'value': 3, 'attr_id': 269}, {'value': 11, 'attr_id': 291}, {'value': 260, 'attr_id': 301}, {'value': 3.6, 'attr_id': 303}, {'value': 1000, 'attr_id': 307}, {'value': 100, 'attr_id': 318}, {'value': 2.4, 'attr_id': 401}, {'value': 5, 'attr_id': 601}, {'value': 0, 'attr_id': 605}, {'value': 3.5, 'attr_id': 606}]",350
33,Taco Bell,7-Layer Burrito,"[{'value': 13, 'attr_id': 203}, {'value': 15, 'attr_id': 204}, {'value': 58, 'attr_id': 205}, {'value': 420, 'attr_id': 208}, {'value': 4, 'attr_id': 269}, {'value': 8, 'attr_id': 291}, {'value': 325, 'attr_id': 301}, {'value': 3.6, 'attr_id': 303}, {'value': 970, 'attr_id': 307}, {'value': 500, 'attr_id': 318}, {'value': 54, 'attr_id': 401}, {'value': 15, 'attr_id': 601}, {'value': 0, 'attr_id': 605}, {'value': 6, 'attr_id': 606}]",420
34,Taco Bell,Fresco Bean Burrito,"[{'value': 11, 'attr_id': 203}, {'value': 7, 'attr_id': 204}, {'value': 54, 'attr_id': 205}, {'value': 330, 'attr_id': 208}, {'value': 3, 'attr_id': 269}, {'value': 11, 'attr_id': 291}, {'value': 195, 'attr_id': 301}, {'value': 3.6, 'attr_id': 303}, {'value': 990, 'attr_id': 307}, {'value': 100, 'attr_id': 318}, {'value': 2.4, 'attr_id': 401}, {'value': 0, 'attr_id': 601}, {'value': 0, 'attr_id': 605}, {'value': 2.5, 'attr_id': 606}]",330
35,Taco Bell,Shredded Chicken Burrito,"[{'value': 14, 'attr_id': 203}, {'value': 20, 'attr_id': 204}, {'value': 47, 'attr_id': 205}, {'value': 420, 'attr_id': 208}, {'value': 2, 'attr_id': 269}, {'value': 3, 'attr_id': 291}, {'value': 195, 'attr_id': 301}, {'value': 2.7, 'attr_id': 303}, {'value': 890, 'attr_id': 307}, {'value': 100, 'attr_id': 318}, {'value': 1.2, 'attr_id': 401}, {'value': 45, 'attr_id': 601}, {'value': 0, 'attr_id': 605}, {'value': 5, 'attr_id': 606}]",420
36,Taco Bell,Bean Burrito (V),"[{'value': 13, 'attr_id': 203}, {'value': 9, 'attr_id': 204}, {'value': 54, 'attr_id': 205}, {'value': 350, 'attr_id': 208}, {'value': 3, 'attr_id': 269}, {'value': 11, 'attr_id': 291}, {'value': 260, 'attr_id': 301}, {'value': 3.6, 'attr_id': 303}, {'value': 1000, 'attr_id': 307}, {'value': 100, 'attr_id': 318}, {'value': 2.4, 'attr_id': 401}, {'value': 5, 'attr_id': 601}, {'value': 0, 'attr_id': 605}, {'value': 3.5, 'attr_id': 606}]",350
37,Taco Bell,Burrito Supreme - Beef,"[{'value': 16, 'attr_id': 203}, {'value': 14, 'attr_id': 204}, {'value': 51, 'attr_id': 205}, {'value': 390, 'attr_id': 208}, {'value': 4, 'attr_id': 269}, {'value': 9, 'attr_id': 291}, {'value': 260, 'attr_id': 301}, {'value': 3.6, 'attr_id': 303}, {'value': 1110, 'attr_id': 307}, {'value': 500, 'attr_id': 318}, {'value': 4.8, 'attr_id': 401}, {'value': 30, 'attr_id': 601}, {'value': 0, 'attr_id': 605}, {'value': 6, 'attr_id': 606}]",390
38,Taco Bell,Burrito Supreme - Steak,"[{'value': 18, 'attr_id': 203}, {'value': 12, 'attr_id': 204}, {'value': 49, 'attr_id': 205}, {'value': 370, 'attr_id': 208}, {'value': 4, 'attr_id': 269}, {'value': 7, 'attr_id': 291}, {'value': 260, 'attr_id': 301}, {'value': 4.5, 'attr_id': 303}, {'value': 1090, 'attr_id': 307}, {'value': 500, 'attr_id': 318}, {'value': 4.8, 'attr_id': 401}, {'value': 35, 'attr_id': 601}, {'value': 0, 'attr_id': 605}, {'value': 5, 'attr_id': 606}]",370
39,Taco Bell,Beefy Fritos Burrito,"[{'value': 13, 'attr_id': 203}, {'value': 18, 'attr_id': 204}, {'value': 57, 'attr_id': 205}, {'value': 440, 'attr_id': 208}, {'value': 3, 'attr_id': 269}, {'value': 5, 'attr_id': 291}, {'value': 130, 'attr_id': 301}, {'value': 2.7, 'attr_id': 303}, {'value': 1000, 'attr_id': 307}, {'value': 200, 'attr_id': 318}, {'value': 1.2, 'attr_id': 401}, {'value': 20, 'attr_id': 601}, {'value': 0, 'attr_id': 605}, {'value': 4.5, 'attr_id': 606}]",440
40,Taco Bell,Burrito Supreme - Chicken,"[{'value': 19, 'attr_id': 203}, {'value': 11, 'attr_id': 204}, {'value': 48, 'attr_id': 205}, {'value': 370, 'attr_id': 208}, {'value': 4, 'attr_id': 269}, {'value': 7, 'attr_id': 291}, {'value': 260, 'attr_id': 301}, {'value': 3.6, 'attr_id': 303}, {'value': 1080, 'attr_id': 307}, {'value': 500, 'attr_id': 318}, {'value': 4.8, 'attr_id': 401}, {'value': 35, 'attr_id': 601}, {'value': 0, 'attr_id': 605}, {'value': 4.5, 'attr_id': 606}]",370
41,Taco Bell,Grilled Breakfast Burrito - Sausage,"[{'value': 11, 'attr_id': 203}, {'value': 17, 'attr_id': 204}, {'value': 36, 'attr_id': 205}, {'value': 340, 'attr_id': 208}, {'value': 3, 'attr_id': 269}, {'value': 2, 'attr_id': 291}, {'value': 130, 'attr_id': 301}, {'value': 3.6, 'attr_id': 303}, {'value': 730, 'attr_id': 307}, {'value': 200, 'attr_id': 318}, {'value': 1.2, 'attr_id': 401}, {'value': 110, 'attr_id': 601}, {'value': 0, 'attr_id': 605}, {'value': 5, 'attr_id': 606}]",340
42,Taco Bell,Chili Cheese Burrito (regional),"[{'value': 16, 'attr_id': 203}, {'value': 17, 'attr_id': 204}, {'value': 40, 'attr_id': 205}, {'value': 370, 'attr_id': 208}, {'value': 2, 'attr_id': 269}, {'value': 4, 'attr_id': 291}, {'value': 390, 'attr_id': 301}, {'value': 3.6, 'attr_id': 303}, {'value': 960, 'attr_id': 307}, {'value': 500, 'attr_id': 318}, {'value': 1.2, 'attr_id': 401}, {'value': 40, 'attr_id': 601}, {'value': 0.5, 'attr_id': 605}, {'value': 8, 'attr_id': 606}]",370
43,Taco Bell,Fresco Burrito Supreme - Chicken,"[{'value': 17, 'attr_id': 203}, {'value': 8, 'attr_id': 204}, {'value': 47, 'attr_id': 205}, {'value': 330, 'attr_id': 208}, {'value': 4, 'attr_id': 269}, {'value': 7, 'attr_id': 291}, {'value': 195, 'attr_id': 301}, {'value': 3.6, 'attr_id': 303}, {'value': 1040, 'attr_id': 307}, {'value': 300, 'attr_id': 318}, {'value': 4.8, 'attr_id': 401}, {'value': 25, 'attr_id': 601}, {'value': 0, 'attr_id': 605}, {'value': 2.5, 'attr_id': 606}]",330
44,Taco Bell,Grande Scrambler Burrito - Bacon,"[{'value': 21, 'attr_id': 203}, {'value': 33, 'attr_id': 204}, {'value': 65, 'attr_id': 205}, {'value': 650, 'attr_id': 208}, {'value': 4, 'attr_id': 269}, {'value': 5, 'attr_id': 291}, {'value': 325, 'attr_id': 301}, {'value': 4.5, 'attr_id': 303}, {'value': 1470, 'attr_id': 307}, {'value': 500, 'attr_id': 318}, {'value': 1.2, 'attr_id': 401}, {'value': 225, 'attr_id': 601}, {'value': 0, 'attr_id': 605}, {'value': 9, 'attr_id': 606}]",650
45,Taco Bell,Grande Scrambler Burrito - Sausage,"[{'value': 19, 'attr_id': 203}, {'value': 34, 'attr_id': 204}, {'value': 65, 'attr_id': 205}, {'value': 640, 'attr_id': 208}, {'value': 4, 'attr_id': 269}, {'value': 5, 'attr_id': 291}, {'value': 325, 'attr_id': 301}, {'value': 4.5, 'attr_id': 303}, {'value': 1310, 'attr_id': 307}, {'value': 500, 'attr_id': 318}, {'value': 1.2, 'attr_id': 401}, {'value': 220, 'attr_id': 601}, {'value': 0, 'attr_id': 605}, {'value': 9, 'attr_id': 606}]",640
46,Taco Bell,Grande Scrambler Burrito - Steak,"[{'value': 24, 'attr_id': 203}, {'value': 31, 'attr_id': 204}, {'value': 65, 'attr_id': 205}, {'value': 640, 'attr_id': 208}, {'value': 4, 'attr_id': 269}, {'value': 5, 'attr_id': 291}, {'value': 325, 'attr_id': 301}, {'value': 5.4, 'attr_id': 303}, {'value': 1480, 'attr_id': 307}, {'value': 500, 'attr_id': 318}, {'value': 1.2, 'attr_id': 401}, {'value': 230, 'attr_id': 601}, {'value': 0, 'attr_id': 605}, {'value': 8, 'attr_id': 606}]",640
47,Taco Bell,7-Layer Burrito (V),"[{'value': 13, 'attr_id': 203}, {'value': 15, 'attr_id': 204}, {'value': 58, 'attr_id': 205}, {'value': 420, 'attr_id': 208}, {'value': 4, 'attr_id': 269}, {'value': 8, 'attr_id': 291}, {'value': 325, 'attr_id': 301}, {'value': 3.6, 'attr_id': 303}, {'value': 970, 'attr_id': 307}, {'value': 500, 'attr_id': 318}, {'value': 54, 'attr_id': 401}, {'value': 15, 'attr_id': 601}, {'value': 0, 'attr_id': 605}, {'value': 6, 'attr_id': 606}]",420
48,Taco Bell,Grilled Breakfast Burrito - Bacon,"[{'value': 13, 'attr_id': 203}, {'value': 17, 'attr_id': 204}, {'value': 37, 'attr_id': 205}, {'value': 350, 'attr_id': 208}, {'value': 3, 'attr_id': 269}, {'value': 2, 'attr_id': 291}, {'value': 130, 'attr_id': 301}, {'value': 2.7, 'attr_id': 303}, {'value': 890, 'attr_id': 307}, {'value': 200, 'attr_id': 318}, {'value': 1.2, 'attr_id': 401}, {'value': 115, 'attr_id': 601}, {'value': 0, 'attr_id': 605}, {'value': 4.5, 'attr_id': 606}]",350
49,Taco Bell,Beefy 5-Layer Burrito,"[{'value': 18, 'attr_id': 203}, {'value': 18, 'attr_id': 204}, {'value': 63, 'attr_id': 205}, {'value': 490, 'attr_id': 208}, {'value': 5, 'attr_id': 269}, {'value': 9, 'attr_id': 291}, {'value': 325, 'attr_id': 301}, {'value': 5.4, 'attr_id': 303}, {'value': 1250, 'attr_id': 307}, {'value': 400, 'attr_id': 318}, {'value': 1.2, 'attr_id': 401}, {'value': 30, 'attr_id': 601}, {'value': 0, 'attr_id': 605}, {'value': 7, 'attr_id': 606}]",490
50,Taco Bell,Cheesy Bean & Rice Burrito,"[{'value': 10, 'attr_id': 203}, {'value': 16, 'attr_id': 204}, {'value': 56, 'attr_id': 205}, {'value': 410, 'attr_id': 208}, {'value': 3, 'attr_id': 269}, {'value': 7, 'attr_id': 291}, {'value': 195, 'attr_id': 301}, {'value': 3.6, 'attr_id': 303}, {'value': 880, 'attr_id': 307}, {'value': 0, 'attr_id': 318}, {'value': 1.2, 'attr_id': 401}, {'value': 5, 'attr_id': 601}, {'value': 0, 'attr_id': 605}, {'value': 4, 'attr_id': 606}]",410
51,Taco Bell,Fresco Burrito Supreme - Steak,"[{'value': 16, 'attr_id': 203}, {'value': 8, 'attr_id': 204}, {'value': 48, 'attr_id': 205}, {'value': 330, 'attr_id': 208}, {'value': 4, 'attr_id': 269}, {'value': 7, 'attr_id': 291}, {'value': 195, 'attr_id': 301}, {'value': 4.5, 'attr_id': 303}, {'value': 1050, 'attr_id': 307}, {'value': 200, 'attr_id': 318}, {'value': 4.8, 'attr_id': 401}, {'value': 20, 'attr_id': 601}, {'value': 0, 'attr_id': 605}, {'value': 3, 'attr_id': 606}]",330
52,Chipotle,Burrito,"[{'value': 8, 'attr_id': 203}, {'value': 9, 'attr_id': 204}, {'value': 50, 'attr_id': 205}, {'value': 320, 'attr_id': 208}, {'value': 0, 'attr_id': 269}, {'value': 3, 'attr_id': 291}, {'value': 0, 'attr_id': 301}, {'value': 1.08, 'attr_id': 303}, {'value': 600, 'attr_id': 307}, {'value': 0, 'attr_id': 318}, {'value': 0, 'attr_id': 401}, {'value': 0, 'attr_id': 601}, {'value': 0, 'attr_id': 605}, {'value': 0.5, 'attr_id': 606}]",320
53,Chick-fil-A,Hash Brown Scramble Burrito,"[{'value': 35, 'attr_id': 203}, {'value': 38, 'attr_id': 204}, {'value': 50, 'attr_id': 205}, {'value': 680, 'attr_id': 208}, {'value': 1, 'attr_id': 269}, {'value': 5, 'attr_id': 291}, {'value': 455, 'attr_id': 301}, {'value': 4.5, 'attr_id': 303}, {'value': 1680, 'attr_id': 307}, {'value': 300, 'attr_id': 318}, {'value': 12, 'attr_id': 401}, {'value': 370, 'attr_id': 601}, {'value': 0, 'attr_id': 605}, {'value': 0, 'attr_id': 606}]",680
54,Rosa's Cafe,Beef Burrito,"[{'value': 18, 'attr_id': 203}, {'value': 10, 'attr_id': 204}, {'value': 34, 'attr_id': 205}, {'value': 300, 'attr_id': 208}, {'value': 3, 'attr_id': 291}, {'value': 680, 'attr_id': 307}, {'value': 45, 'attr_id': 601}]",300
55,Rosa's Cafe,Kids Meal Burrito,"[{'value': 15, 'attr_id': 203}, {'value': 16, 'attr_id': 204}, {'value': 69, 'attr_id': 205}, {'value': 480, 'attr_id': 208}, {'value': 7, 'attr_id': 291}, {'value': 1150, 'attr_id': 307}, {'value': 35, 'attr_id': 601}]",480
56,Rosa's Cafe,Bean and Cheese Burrito,"[{'value': 12, 'attr_id': 203}, {'value': 11, 'attr_id': 204}, {'value': 43, 'attr_id': 205}, {'value': 320, 'attr_id': 208}, {'value': 6, 'attr_id': 291}, {'value': 650, 'attr_id': 307}, {'value': 35, 'attr_id': 601}]",320
57,Rosa's Cafe,Bean and Cheese Burrito with Taco Meat,"[{'value': 14, 'attr_id': 203}, {'value': 9, 'attr_id': 204}, {'value': 40, 'attr_id': 205}, {'value': 290, 'attr_id': 208}, {'value': 5, 'attr_id': 291}, {'value': 640, 'attr_id': 307}, {'value': 35, 'attr_id': 601}]",290
58,Carl's Jr,Bacon & Egg Burrito,"[{'value': 29, 'attr_id': 203}, {'value': 35, 'attr_id': 204}, {'value': 32, 'attr_id': 205}, {'value': 570, 'attr_id': 208}, {'value': 1, 'attr_id': 269}, {'value': 1, 'attr_id': 291}, {'value': 1000, 'attr_id': 307}, {'value': 360, 'attr_id': 601}, {'value': 0, 'attr_id': 605}, {'value': 12, 'attr_id': 606}]",570
59,Carl's Jr,Bean & Cheese Burrito,"[{'value': 30, 'attr_id': 203}, {'value': 25, 'attr_id': 204}, {'value': 76, 'attr_id': 205}, {'value': 660, 'attr_id': 208}, {'value': 3, 'attr_id': 269}, {'value': 8, 'attr_id': 291}, {'value': 1040, 'attr_id': 307}, {'value': 50, 'attr_id': 601}, {'value': 0, 'attr_id': 605}, {'value': 12, 'attr_id': 606}]",660
60,Carl's Jr,Steak & Egg Burrito,"[{'value': 35, 'attr_id': 203}, {'value': 36, 'attr_id': 204}, {'value': 37, 'attr_id': 205}, {'value': 630, 'attr_id': 208}, {'value': 3, 'attr_id': 269}, {'value': 2, 'attr_id': 291}, {'value': 1570, 'attr_id': 307}, {'value': 390, 'attr_id': 601}, {'value': 0, 'attr_id': 605}, {'value': 14, 'attr_id': 606}]",630
61,Carl's Jr,Loaded Breakfast Burrito,"[{'value': 33, 'attr_id': 203}, {'value': 48, 'attr_id': 204}, {'value': 46, 'attr_id': 205}, {'value': 760, 'attr_id': 208}, {'value': 2, 'attr_id': 269}, {'value': 3, 'attr_id': 291}, {'value': 1330, 'attr_id': 307}, {'value': 370, 'attr_id': 601}, {'value': 0, 'attr_id': 605}, {'value': 16, 'attr_id': 606}]",760
62,Carl's Jr,Big Country Breakfast Burrito,"[{'value': 26, 'attr_id': 203}, {'value': 40, 'attr_id': 204}, {'value': 45, 'attr_id': 205}, {'value': 660, 'attr_id': 208}, {'value': 1, 'attr_id': 269}, {'value': 2, 'attr_id': 291}, {'value': 1140, 'attr_id': 307}, {'value': 345, 'attr_id': 601}, {'value': 0, 'attr_id': 605}, {'value': 12, 'attr_id': 606}]",660
63,Carl's Jr,The Green Burrito with Chicken,"[{'value': 49, 'attr_id': 203}, {'value': 38, 'attr_id': 204}, {'value': 96, 'attr_id': 205}, {'value': 930, 'attr_id': 208}, {'value': 10, 'attr_id': 269}, {'value': 7, 'attr_id': 291}, {'value': 2520, 'attr_id': 307}, {'value': 145, 'attr_id': 601}, {'value': 0, 'attr_id': 605}, {'value': 17, 'attr_id': 606}]",930
64,Carl's Jr,The Green Burrito with Steak,"[{'value': 53, 'attr_id': 203}, {'value': 38, 'attr_id': 204}, {'value': 96, 'attr_id': 205}, {'value': 940, 'attr_id': 208}, {'value': 10, 'attr_id': 269}, {'value': 7, 'attr_id': 291}, {'value': 2770, 'attr_id': 307}, {'value': 145, 'attr_id': 601}, {'value': 0, 'attr_id': 605}, {'value': 17, 'attr_id': 606}]",940
65,Carl's Jr,The Grilled Burrito with Steak,"[{'value': 50, 'attr_id': 203}, {'value': 31, 'attr_id': 204}, {'value': 88, 'attr_id': 205}, {'value': 840, 'attr_id': 208}, {'value': 6, 'attr_id': 269}, {'value': 6, 'attr_id': 291}, {'value': 2030, 'attr_id': 307}, {'value': 105, 'attr_id': 601}, {'value': 0, 'attr_id': 605}, {'value': 14, 'attr_id': 606}]",840
66,Carl's Jr,The Grilled Burrito with Chicken,"[{'value': 46, 'attr_id': 203}, {'value': 31, 'attr_id': 204}, {'value': 88, 'attr_id': 205}, {'value': 830, 'attr_id': 208}, {'value': 6, 'attr_id': 269}, {'value': 6, 'attr_id': 291}, {'value': 1780, 'attr_id': 307}, {'value': 130, 'attr_id': 601}, {'value': 0, 'attr_id': 605}, {'value': 14, 'attr_id': 606}]",830
67,Carl's Jr,The Grilled Burrito with Beef,"[{'value': 41, 'attr_id': 203}, {'value': 35, 'attr_id': 204}, {'value': 90, 'attr_id': 205}, {'value': 850, 'attr_id': 208}, {'value': 7, 'attr_id': 269}, {'value': 8, 'attr_id': 291}, {'value': 1720, 'attr_id': 307}, {'value': 95, 'attr_id': 601}, {'value': 0.5, 'attr_id': 605}, {'value': 15, 'attr_id': 606}]",850
68,Perkins Restaurant And Bakery,BBQ Breakfast Burrito,"[{'value': 46, 'attr_id': 203}, {'value': 62, 'attr_id': 204}, {'value': 130, 'attr_id': 205}, {'value': 1280, 'attr_id': 208}, {'value': 43, 'attr_id': 269}, {'value': 7, 'attr_id': 291}, {'value': 650, 'attr_id': 301}, {'value': 5.4, 'attr_id': 303}, {'value': 2960, 'attr_id': 307}, {'value': 1250, 'attr_id': 318}, {'value': 27, 'attr_id': 401}, {'value': 530, 'attr_id': 601}, {'value': 0, 'attr_id': 605}, {'value': 24, 'attr_id': 606}]",1280
69,Dairy Queen,Chicken and Gravy Burrito,"[{'value': 15, 'attr_id': 203}, {'value': 15, 'attr_id': 204}, {'value': 31, 'attr_id': 205}, {'value': 320, 'attr_id': 208}, {'value': 1, 'attr_id': 269}, {'value': 2, 'attr_id': 291}, {'value': 840, 'attr_id': 307}, {'value': 110, 'attr_id': 601}, {'value': 0, 'attr_id': 605}, {'value': 5, 'attr_id': 606}]",320
70,Dairy Queen,Classic Breakfast Burrito with Sausage,"[{'value': 11, 'attr_id': 203}, {'value': 17, 'attr_id': 204}, {'value': 30, 'attr_id': 205}, {'value': 320, 'attr_id': 208}, {'value': 1, 'attr_id': 269}, {'value': 2, 'attr_id': 291}, {'value': 730, 'attr_id': 307}, {'value': 100, 'attr_id': 601}, {'value': 0, 'attr_id': 605}, {'value': 5, 'attr_id': 606}]",320
71,Dairy Queen,Classic Breakfast Burrito with Ham,"[{'value': 10, 'attr_id': 203}, {'value': 14, 'attr_id': 204}, {'value': 30, 'attr_id': 205}, {'value': 290, 'attr_id': 208}, {'value': 1, 'attr_id': 269}, {'value': 2, 'attr_id': 291}, {'value': 810, 'attr_id': 307}, {'value': 100, 'attr_id': 601}, {'value': 0, 'attr_id': 605}, {'value': 4.5, 'attr_id': 606}]",290
72,Dairy Queen,Classic Breakfast Burrito with Bacon,"[{'value': 11, 'attr_id': 203}, {'value': 19, 'attr_id': 204}, {'value': 30, 'attr_id': 205}, {'value': 340, 'attr_id': 208}, {'value': 1, 'attr_id': 269}, {'value': 2, 'attr_id': 291}, {'value': 830, 'attr_id': 307}, {'value': 100, 'attr_id': 601}, {'value': 0, 'attr_id': 605}, {'value': 6, 'attr_id': 606}]",340
73,Taco Bueno,Combination Burrito,"[{'value': 23, 'attr_id': 203}, {'value': 29, 'attr_id': 204}, {'value': 54, 'attr_id': 205}, {'value': 560, 'attr_id': 208}, {'value': 1, 'attr_id': 269}, {'value': 3, 'attr_id': 291}, {'value': 1510, 'attr_id': 307}]",560
74,Taco Bueno,Bean Burrito,"[{'value': 22, 'attr_id': 203}, {'value': 29, 'attr_id': 204}, {'value': 67, 'attr_id': 205}, {'value': 600, 'attr_id': 208}, {'value': 1, 'attr_id': 269}, {'value': 3, 'attr_id': 291}, {'value': 1590, 'attr_id': 307}]",600
75,Taco Bueno,Beef Burrito,"[{'value': 23, 'attr_id': 203}, {'value': 29, 'attr_id': 204}, {'value': 41, 'attr_id': 205}, {'value': 510, 'attr_id': 208}, {'value': 1, 'attr_id': 269}, {'value': 3, 'attr_id': 291}, {'value': 1380, 'attr_id': 307}]",510
76,Taco Bueno,Party Burrito,"[{'value': 13, 'attr_id': 203}, {'value': 18, 'attr_id': 204}, {'value': 43, 'attr_id': 205}, {'value': 370, 'attr_id': 208}, {'value': 1, 'attr_id': 269}, {'value': 1, 'attr_id': 291}, {'value': 1000, 'attr_id': 307}]",370
77,Taco Bueno,Black Bean Burrito,"[{'value': 18, 'attr_id': 203}, {'value': 15, 'attr_id': 204}, {'value': 70, 'attr_id': 205}, {'value': 490, 'attr_id': 208}, {'value': 2, 'attr_id': 269}, {'value': 9, 'attr_id': 291}, {'value': 730, 'attr_id': 307}]",490
78,Taco Bueno,Chicken Potato Burrito,"[{'value': 11, 'attr_id': 203}, {'value': 18, 'attr_id': 204}, {'value': 33, 'attr_id': 205}, {'value': 330, 'attr_id': 208}, {'value': 3, 'attr_id': 269}, {'value': 3, 'attr_id': 291}, {'value': 930, 'attr_id': 307}]",330
79,Taco Bueno,Potato Egg Burrito,"[{'value': 17, 'attr_id': 203}, {'value': 22, 'attr_id': 204}, {'value': 47, 'attr_id': 205}, {'value': 460, 'attr_id': 208}, {'value': 4, 'attr_id': 269}, {'value': 3, 'attr_id': 291}, {'value': 680, 'attr_id': 307}]",460
80,Taco Bueno,Meat Lovers Burrito,"[{'value': 31, 'attr_id': 203}, {'value': 32, 'attr_id': 204}, {'value': 37, 'attr_id': 205}, {'value': 560, 'attr_id': 208}, {'value': 4, 'attr_id': 269}, {'value': 2, 'attr_id': 291}, {'value': 1360, 'attr_id': 307}]",560
81,Taco Bueno,Bacon Egg Burrito,"[{'value': 26, 'attr_id': 203}, {'value': 26, 'attr_id': 204}, {'value': 36, 'attr_id': 205}, {'value': 490, 'attr_id': 208}, {'value': 4, 'attr_id': 269}, {'value': 2, 'attr_id': 291}, {'value': 1110, 'attr_id': 307}]",490
82,Taco Bueno,Beef Potato Burrito,"[{'value': 11, 'attr_id': 203}, {'value': 21, 'attr_id': 204}, {'value': 32, 'attr_id': 205}, {'value': 360, 'attr_id': 208}, {'value': 3, 'attr_id': 269}, {'value': 3, 'attr_id': 291}, {'value': 910, 'attr_id': 307}]",360
83,Taco Bueno,Sausage Egg Burrito,"[{'value': 21, 'attr_id': 203}, {'value': 23, 'attr_id': 204}, {'value': 37, 'attr_id': 205}, {'value': 440, 'attr_id': 208}, {'value': 4, 'attr_id': 269}, {'value': 2, 'attr_id': 291}, {'value': 720, 'attr_id': 307}]",440
84,Taco Bueno,Bean Burrito without Chili,"[{'value': 19, 'attr_id': 203}, {'value': 26, 'attr_id': 204}, {'value': 61, 'attr_id': 205}, {'value': 550, 'attr_id': 208}, {'value': 1, 'attr_id': 269}, {'value': 2, 'attr_id': 291}, {'value': 1320, 'attr_id': 307}]",550
85,Taco Bueno,Combination Burrito without Chili,"[{'value': 20, 'attr_id': 203}, {'value': 26, 'attr_id': 204}, {'value': 48, 'attr_id': 205}, {'value': 510, 'attr_id': 208}, {'value': 1, 'attr_id': 269}, {'value': 2, 'attr_id': 291}, {'value': 1230, 'attr_id': 307}]",510
86,Taco Bueno,Meat Lovers Breakfast Burrito,"[{'value': 31, 'attr_id': 203}, {'value': 32, 'attr_id': 204}, {'value': 37, 'attr_id': 205}, {'value': 560, 'attr_id': 208}, {'value': 4, 'attr_id': 269}, {'value': 2, 'attr_id': 291}, {'value': 1360, 'attr_id': 307}]",560
87,Taco Bueno,Bacon Egg Breakfast Burrito,"[{'value': 26, 'attr_id': 203}, {'value': 26, 'attr_id': 204}, {'value': 36, 'attr_id': 205}, {'value': 490, 'attr_id': 208}, {'value': 4, 'attr_id': 269}, {'value': 2, 'attr_id': 291}, {'value': 1110, 'attr_id': 307}]",490
88,Taco Bueno,Beef Burrito without Cheese,"[{'value': 19, 'attr_id': 203}, {'value': 22, 'attr_id': 204}, {'value': 40, 'attr_id': 205}, {'value': 430, 'attr_id': 208}, {'value': 1, 'attr_id': 269}, {'value': 3, 'attr_id': 291}, {'value': 1260, 'attr_id': 307}]",430
89,Taco Bueno,Beef Burrito without Chili,"[{'value': 20, 'attr_id': 203}, {'value': 25, 'attr_id': 204}, {'value': 35, 'attr_id': 205}, {'value': 460, 'attr_id': 208}, {'value': 1, 'attr_id': 269}, {'value': 2, 'attr_id': 291}, {'value': 1110, 'attr_id': 307}]",460
90,Taco Bueno,Potato Stix Breakfast Burritos,"[{'value': 2, 'attr_id': 203}, {'value': 22, 'attr_id': 204}, {'value': 18, 'attr_id': 205}, {'value': 280, 'attr_id': 208}, {'value': 0, 'attr_id': 269}, {'value': 2, 'attr_id': 291}, {'value': 350, 'attr_id': 307}]",280
91,Taco Bueno,Party Burrito without Chili,"[{'value': 12, 'attr_id': 203}, {'value': 16, 'attr_id': 204}, {'value': 40, 'attr_id': 205}, {'value': 350, 'attr_id': 208}, {'value': 1, 'attr_id': 269}, {'value': 1, 'attr_id': 291}, {'value': 870, 'attr_id': 307}]",350
92,Taco Bueno,Potato Egg Breakfast Burrito,"[{'value': 17, 'attr_id': 203}, {'value': 22, 'attr_id': 204}, {'value': 47, 'attr_id': 205}, {'value': 460, 'attr_id': 208}, {'value': 4, 'attr_id': 269}, {'value': 3, 'attr_id': 291}, {'value': 680, 'attr_id': 307}]",460
93,Chuy's,Kid Burrito,"[{'value': 24, 'attr_id': 203}, {'value': 47, 'attr_id': 204}, {'value': 51, 'attr_id': 205}, {'value': 710, 'attr_id': 208}, {'value': 6, 'attr_id': 269}, {'value': 6, 'attr_id': 291}, {'value': 2330, 'attr_id': 307}, {'value': 70, 'attr_id': 601}, {'value': 1.5, 'attr_id': 605}, {'value': 21, 'attr_id': 606}]",710
94,Chuy's,Steak Burrito,"[{'value': 54, 'attr_id': 203}, {'value': 60, 'attr_id': 204}, {'value': 64, 'attr_id': 205}, {'value': 1010, 'attr_id': 208}, {'value': 6, 'attr_id': 269}, {'value': 4, 'attr_id': 291}, {'value': 2580, 'attr_id': 307}, {'value': 155, 'attr_id': 601}, {'value': 3.5, 'attr_id': 605}, {'value': 24, 'attr_id': 606}]",1010
95,Chuy's,Chipotle Sauce for Burritos,"[{'value': 2, 'attr_id': 203}, {'value': 0.5, 'attr_id': 204}, {'value': 11, 'attr_id': 205}, {'value': 50, 'attr_id': 208}, {'value': 8, 'attr_id': 269}, {'value': 3, 'attr_id': 291}, {'value': 870, 'attr_id': 307}, {'value': 0, 'attr_id': 601}, {'value': 0, 'attr_id': 605}, {'value': 0, 'attr_id': 606}]",50
96,Chuy's,Salsa Fresca for Burritos,"[{'value': 2, 'attr_id': 203}, {'value': 0, 'attr_id': 204}, {'value': 8, 'attr_id': 205}, {'value': 35, 'attr_id': 208}, {'value': 4, 'attr_id': 269}, {'value': 2, 'attr_id': 291}, {'value': 1200, 'attr_id': 307}, {'value': 0, 'attr_id': 601}, {'value': 0, 'attr_id': 605}, {'value': 0, 'attr_id': 606}]",35
97,Chuy's,Ranchero Sauce for Burritos,"[{'value': 3, 'attr_id': 203}, {'value': 4.5, 'attr_id': 204}, {'value': 14, 'attr_id': 205}, {'value': 100, 'attr_id': 208}, {'value': 6, 'attr_id': 269}, {'value': 4, 'attr_id': 291}, {'value': 670, 'attr_id': 307}, {'value': 0, 'attr_id': 601}, {'value': 0, 'attr_id': 605}, {'value': 0.5, 'attr_id': 606}]",100
98,Chuy's,Tomatillo Sauce for Burritos,"[{'value': 1, 'attr_id': 203}, {'value': 0, 'attr_id': 204}, {'value': 5, 'attr_id': 205}, {'value': 20, 'attr_id': 208}, {'value': 3, 'attr_id': 269}, {'value': 1, 'attr_id': 291}, {'value': 640, 'attr_id': 307}, {'value': 0, 'attr_id': 601}, {'value': 0, 'attr_id': 605}, {'value': 0, 'attr_id': 606}]",20
99,Chuy's,Table Sauce for Burritos,"[{'value': 1, 'attr_id': 203}, {'value': 0, 'attr_id': 204}, {'value': 5, 'attr_id': 205}, {'value': 20, 'attr_id': 208}, {'value': 3, 'attr_id': 269}, {'value': 1, 'attr_id': 291}, {'value': 640, 'attr_id': 307}, {'value': 0, 'attr_id': 601}, {'value': 0, 'attr_id': 605}, {'value': 0, 'attr_id': 606}]",20
100,Chuy's,Deluxe Tomatillo Sauce for Burritos,"[{'value': 2, 'attr_id': 203}, {'value': 14, 'attr_id': 204}, {'value': 12, 'attr_id': 205}, {'value': 170, 'attr_id': 208}, {'value': 5, 'attr_id': 269}, {'value': 2, 'attr_id': 291}, {'value': 770, 'attr_id': 307}, {'value': 30, 'attr_id': 601}, {'value': 1, 'attr_id': 605}, {'value': 7, 'attr_id': 606}]",170
101,Chuy's,Pico De Gallo for Burritos,"[{'value': 1, 'attr_id': 203}, {'value': 0, 'attr_id': 204}, {'value': 7, 'attr_id': 205}, {'value': 30, 'attr_id': 208}, {'value': 4, 'attr_id': 269}, {'value': 2, 'attr_id': 291}, {'value': 320, 'attr_id': 307}, {'value': 0, 'attr_id': 601}, {'value': 0, 'attr_id': 605}, {'value': 0, 'attr_id': 606}]",30
102,Chuy's,Boom-Boom Sauce for Burritos,"[{'value': 20, 'attr_id': 203}, {'value': 35, 'attr_id': 204}, {'value': 9, 'attr_id': 205}, {'value': 440, 'attr_id': 208}, {'value': 5, 'attr_id': 269}, {'value': 2, 'attr_id': 291}, {'value': 2240, 'attr_id': 307}, {'value': 95, 'attr_id': 601}, {'value': 0, 'attr_id': 605}, {'value': 19, 'attr_id': 606}]",440
103,Chuy's,Green Chile Sauce for Burritos,"[{'value': 2, 'attr_id': 203}, {'value': 6, 'attr_id': 204}, {'value': 12, 'attr_id': 205}, {'value': 100, 'attr_id': 208}, {'value': 2, 'attr_id': 269}, {'value': 2, 'attr_id': 291}, {'value': 930, 'attr_id': 307}, {'value': 0, 'attr_id': 601}, {'value': 0, 'attr_id': 605}, {'value': 1, 'attr_id': 606}]",100
104,Chuy's,Red Chile Sauce for Burritos,"[{'value': 7, 'attr_id': 203}, {'value': 4, 'attr_id': 204}, {'value': 18, 'attr_id': 205}, {'value': 140, 'attr_id': 208}, {'value': 7, 'attr_id': 269}, {'value': 4, 'attr_id': 291}, {'value': 1130, 'attr_id': 307}, {'value': 5, 'attr_id': 601}, {'value': 0, 'attr_id': 605}, {'value': 0, 'attr_id': 606}]",140
105,Chuy's,Hatch Green Chile Sauce for Burritos,"[{'value': 0, 'attr_id': 203}, {'value': 0, 'attr_id': 204}, {'value': 5, 'attr_id': 205}, {'value': 45, 'attr_id': 208}, {'value': 1, 'attr_id': 269}, {'value': 0, 'attr_id': 291}, {'value': 1810, 'attr_id': 307}, {'value': 0, 'attr_id': 601}, {'value': 0, 'attr_id': 605}, {'value': 0, 'attr_id': 606}]",45
106,Chuy's,"Tex-Mex Salad Combo, Chicken Mini Burrito (salad not included)","[{'value': 36, 'attr_id': 203}, {'value': 43, 'attr_id': 204}, {'value': 40, 'attr_id': 205}, {'value': 690, 'attr_id': 208}, {'value': 2, 'attr_id': 269}, {'value': 2, 'attr_id': 291}, {'value': 1940, 'attr_id': 307}, {'value': 105, 'attr_id': 601}, {'value': 2.5, 'attr_id': 605}, {'value': 21, 'attr_id': 606}]",690
107,Chuy's,"Tex-Mex Salad Combo, Fajita Beef Mini Burrito (salad not included)","[{'value': 38, 'attr_id': 203}, {'value': 53, 'attr_id': 204}, {'value': 40, 'attr_id': 205}, {'value': 790, 'attr_id': 208}, {'value': 2, 'attr_id': 269}, {'value': 2, 'attr_id': 291}, {'value': 1770, 'attr_id': 307}, {'value': 115, 'attr_id': 601}, {'value': 2.5, 'attr_id': 605}, {'value': 23, 'attr_id': 606}]",790
108,Chuy's,"Tex-Mex Salad Combo, Fajita Chicken Mini Burrito (salad not included)","[{'value': 37, 'attr_id': 203}, {'value': 48, 'attr_id': 204}, {'value': 40, 'attr_id': 205}, {'value': 730, 'attr_id': 208}, {'value': 2, 'attr_id': 269}, {'value': 2, 'attr_id': 291}, {'value': 1740, 'attr_id': 307}, {'value': 110, 'attr_id': 601}, {'value': 2.5, 'attr_id': 605}, {'value': 21, 'attr_id': 606}]",730
109,Chuy's,"Tex-Mex Salad Combo, Ground Sirloin Mini Burrito (salad not included)","[{'value': 31, 'attr_id': 203}, {'value': 47, 'attr_id': 204}, {'value': 42, 'attr_id': 205}, {'value': 710, 'attr_id': 208}, {'value': 2, 'attr_id': 269}, {'value': 3, 'attr_id': 291}, {'value': 2270, 'attr_id': 307}, {'value': 95, 'attr_id': 601}, {'value': 3, 'attr_id': 605}, {'value': 22, 'attr_id': 606}]",710
110,Golden Corral,Chicken Stuffed Burritos,"[{'value': 17, 'attr_id': 203}, {'value': 18, 'attr_id': 204}, {'value': 18, 'attr_id': 205}, {'value': 300, 'attr_id': 208}, {'value': 1, 'attr_id': 269}, {'value': 1, 'attr_id': 291}, {'value': 740, 'attr_id': 307}, {'value': 60, 'attr_id': 601}, {'value': 0, 'attr_id': 605}, {'value': 9, 'attr_id': 606}]",300
111,Golden Corral,Chorizo And Egg Burrito,"[{'value': 16, 'attr_id': 203}, {'value': 18, 'attr_id': 204}, {'value': 22, 'attr_id': 205}, {'value': 310, 'attr_id': 208}, {'value': 1, 'attr_id': 269}, {'value': 1, 'attr_id': 291}, {'value': 760, 'attr_id': 307}, {'value': 105, 'attr_id': 601}, {'value': 0, 'attr_id': 605}, {'value': 7, 'attr_id': 606}]",310
112,Golden Corral,Sausage And Egg Burrito,"[{'value': 16, 'attr_id': 203}, {'value': 19, 'attr_id': 204}, {'value': 22, 'attr_id': 205}, {'value': 320, 'attr_id': 208}, {'value': 1, 'attr_id': 269}, {'value': 1, 'attr_id': 291}, {'value': 760, 'attr_id': 307}, {'value': 110, 'attr_id': 601}, {'value': 0, 'attr_id': 605}, {'value': 8, 'attr_id': 606}]",320
113,Torchy's Tacos,Grande Burrito With Beef,"[{'value': 53, 'attr_id': 203}, {'value': 58, 'attr_id': 204}, {'value': 108, 'attr_id': 205}, {'value': 1150, 'attr_id': 208}, {'value': 9, 'attr_id': 269}, {'value': 18, 'attr_id': 291}, {'value': 650, 'attr_id': 301}, {'value': 9, 'attr_id': 303}, {'value': 2100, 'attr_id': 307}, {'value': 2500, 'attr_id': 318}, {'value': 21, 'attr_id': 401}, {'value': 130, 'attr_id': 601}, {'value': 1, 'attr_id': 605}, {'value': 23, 'attr_id': 606}]",1150
114,Torchy's Tacos,Grande Burrito With Chicken,"[{'value': 55, 'attr_id': 203}, {'value': 50, 'attr_id': 204}, {'value': 108, 'attr_id': 205}, {'value': 1090, 'attr_id': 208}, {'value': 9, 'attr_id': 269}, {'value': 18, 'attr_id': 291}, {'value': 650, 'attr_id': 301}, {'value': 8.1, 'attr_id': 303}, {'value': 2090, 'attr_id': 307}, {'value': 2500, 'attr_id': 318}, {'value': 21, 'attr_id': 401}, {'value': 135, 'attr_id': 601}, {'value': 1, 'attr_id': 605}, {'value': 20, 'attr_id': 606}]",1090
115,Torchy's Tacos,Grande Burrito With Pork,"[{'value': 51, 'attr_id': 203}, {'value': 47, 'attr_id': 204}, {'value': 108, 'attr_id': 205}, {'value': 1050, 'attr_id': 208}, {'value': 9, 'attr_id': 269}, {'value': 18, 'attr_id': 291}, {'value': 650, 'attr_id': 301}, {'value': 9, 'attr_id': 303}, {'value': 2510, 'attr_id': 307}, {'value': 2500, 'attr_id': 318}, {'value': 24, 'attr_id': 401}, {'value': 115, 'attr_id': 601}, {'value': 1, 'attr_id': 605}, {'value': 20, 'attr_id': 606}]",1050
116,Torchy's Tacos,Grande Burrito With Veggies,"[{'value': 38, 'attr_id': 203}, {'value': 43, 'attr_id': 204}, {'value': 113, 'attr_id': 205}, {'value': 990, 'attr_id': 208}, {'value': 12, 'attr_id': 269}, {'value': 20, 'attr_id': 291}, {'value': 650, 'attr_id': 301}, {'value': 8.1, 'attr_id': 303}, {'value': 1990, 'attr_id': 307}, {'value': 3500, 'attr_id': 318}, {'value': 60, 'attr_id': 401}, {'value': 75, 'attr_id': 601}, {'value': 1, 'attr_id': 605}, {'value': 19, 'attr_id': 606}]",990
117,Freebirds World Burrito,Chicken Burrito,"[{'value': 30, 'attr_id': 203}, {'value': 14, 'attr_id': 204}, {'value': 78, 'attr_id': 205}, {'value': 550, 'attr_id': 208}, {'value': 8, 'attr_id': 269}, {'value': 8, 'attr_id': 291}, {'value': 2420, 'attr_id': 307}, {'value': 75, 'attr_id': 601}, {'value': 0, 'attr_id': 605}, {'value': 1.5, 'attr_id': 606}]",550
118,Freebirds World Burrito,BBQ Classic Burrito,"[{'value': 35, 'attr_id': 203}, {'value': 24, 'attr_id': 204}, {'value': 94, 'attr_id': 205}, {'value': 750, 'attr_id': 208}, {'value': 5, 'attr_id': 269}, {'value': 6, 'attr_id': 291}, {'value': 2500, 'attr_id': 307}, {'value': 95, 'attr_id': 601}, {'value': 0, 'attr_id': 605}, {'value': 6, 'attr_id': 606}]",750
119,Freebirds World Burrito,Spicy Chicken Burrito,"[{'value': 38, 'attr_id': 203}, {'value': 32, 'attr_id': 204}, {'value': 103, 'attr_id': 205}, {'value': 860, 'attr_id': 208}, {'value': 8, 'attr_id': 269}, {'value': 8, 'attr_id': 291}, {'value': 2880, 'attr_id': 307}, {'value': 115, 'attr_id': 601}, {'value': 0, 'attr_id': 605}, {'value': 10, 'attr_id': 606}]",860
120,Freebirds World Burrito,Steak Bowl,"[{'value': 31, 'attr_id': 203}, {'value': 19, 'attr_id': 204}, {'value': 59, 'attr_id': 205}, {'value': 530, 'attr_id': 208}, {'value': 5, 'attr_id': 269}, {'value': 7, 'attr_id': 291}, {'value': 1580, 'attr_id': 307}, {'value': 70, 'attr_id': 601}, {'value': 0, 'attr_id': 605}, {'value': 5, 'attr_id': 606}]",530
121,Freebirds World Burrito,Vegan Bowl,"[{'value': 13, 'attr_id': 203}, {'value': 13, 'attr_id': 204}, {'value': 63, 'attr_id': 205}, {'value': 410, 'attr_id': 208}, {'value': 7, 'attr_id': 269}, {'value': 8, 'attr_id': 291}, {'value': 1600, 'attr_id': 307}, {'value': 0, 'attr_id': 601}, {'value': 0, 'attr_id': 605}, {'value': 1, 'attr_id': 606}]",410
122,Freebirds World Burrito,Chicken Bowl,"[{'value': 30, 'attr_id': 203}, {'value': 22, 'attr_id': 204}, {'value': 49, 'attr_id': 205}, {'value': 520, 'attr_id': 208}, {'value': 2, 'attr_id': 269}, {'value': 9, 'attr_id': 291}, {'value': 2000, 'attr_id': 307}, {'value': 95, 'attr_id': 601}, {'value': 0, 'attr_id': 605}, {'value': 6, 'attr_id': 606}]",520
123,Freebirds World Burrito,Chicken Salad,"[{'value': 31, 'attr_id': 203}, {'value': 11, 'attr_id': 204}, {'value': 37, 'attr_id': 205}, {'value': 370, 'attr_id': 208}, {'value': 6, 'attr_id': 269}, {'value': 6, 'attr_id': 291}, {'value': 1470, 'attr_id': 307}, {'value': 70, 'attr_id': 601}, {'value': 0, 'attr_id': 605}, {'value': 4, 'attr_id': 606}]",370
124,Freebirds World Burrito,BBQ Chicken Salad,"[{'value': 25, 'attr_id': 203}, {'value': 29, 'attr_id': 204}, {'value': 47, 'attr_id': 205}, {'value': 550, 'attr_id': 208}, {'value': 10, 'attr_id': 269}, {'value': 7, 'attr_id': 291}, {'value': 2410, 'attr_id': 307}, {'value': 95, 'attr_id': 601}, {'value': 0, 'attr_id': 605}, {'value': 7, 'attr_id': 606}]",550
125,Freebirds World Burrito,Lite Chicken Bowl,"[{'value': 24, 'attr_id': 203}, {'value': 8, 'attr_id': 204}, {'value': 33, 'attr_id': 205}, {'value': 290, 'attr_id': 208}, {'value': 5, 'attr_id': 269}, {'value': 8, 'attr_id': 291}, {'value': 1680, 'attr_id': 307}, {'value': 75, 'attr_id': 601}, {'value': 0, 'attr_id': 605}, {'value': 1.5, 'attr_id': 606}]",290
126,Uncle Julio's,Lunch Chicken Tortilla Burrito Bowl,"[{'value': 21, 'attr_id': 203}, {'value': 71, 'attr_id': 205}, {'value': 590, 'attr_id': 208}, {'value': 10, 'attr_id': 269}, {'value': 12, 'attr_id': 291}, {'value': 2380, 'attr_id': 307}, {'value': 70, 'attr_id': 601}, {'value': 0, 'attr_id': 605}, {'value': 8, 'attr_id': 606}]",590
127,Uncle Julio's,Lunch Chicken Tortilla Burrito Bowl with Picadillo,"[{'value': 23, 'attr_id': 203}, {'value': 68, 'attr_id': 205}, {'value': 630, 'attr_id': 208}, {'value': 9, 'attr_id': 269}, {'value': 10, 'attr_id': 291}, {'value': 2010, 'attr_id': 307}, {'value': 75, 'attr_id': 601}, {'value': 0, 'attr_id': 605}, {'value': 11, 'attr_id': 606}]",630
128,IHOP,South-of-the-Border Burrito,"[{'value': 49, 'attr_id': 203}, {'value': 71, 'attr_id': 204}, {'value': 118, 'attr_id': 205}, {'value': 1300, 'attr_id': 208}, {'value': 14, 'attr_id': 269}, {'value': 10, 'attr_id': 291}, {'value': 3100, 'attr_id': 307}, {'value': 590, 'attr_id': 601}, {'value': 1, 'attr_id': 605}, {'value': 26, 'attr_id': 606}]",1300
129,Cheesecake Factory,Breakfast Burrito,"[{'value': 121, 'attr_id': 203}, {'value': 192, 'attr_id': 204}, {'value': 131, 'attr_id': 205}, {'value': 2730, 'attr_id': 208}, {'value': 26, 'attr_id': 269}, {'value': 21, 'attr_id': 291}, {'value': 4630, 'attr_id': 307}, {'value': 1335, 'attr_id': 601}, {'value': 3, 'attr_id': 605}, {'value': 73, 'attr_id': 606}]",2730
130,Cheesecake Factory,Factory Burrito Grande,"[{'value': 94, 'attr_id': 203}, {'value': 96, 'attr_id': 204}, {'value': 156, 'attr_id': 205}, {'value': 1860, 'attr_id': 208}, {'value': 20, 'attr_id': 269}, {'value': 17, 'attr_id': 291}, {'value': 4100, 'attr_id': 307}, {'value': 285, 'attr_id': 601}, {'value': 2, 'attr_id': 605}, {'value': 40, 'attr_id': 606}]",1860
131,La Salsa Fresh Mexican Grill,Breakfast Burrito,"[{'value': 24, 'attr_id': 203}, {'value': 32, 'attr_id': 204}, {'value': 53, 'attr_id': 205}, {'value': 600, 'attr_id': 208}, {'value': 3, 'attr_id': 269}, {'value': 1, 'attr_id': 291}, {'value': 1080, 'attr_id': 307}, {'value': 275, 'attr_id': 601}, {'value': 12, 'attr_id': 606}]",600
132,La Salsa Fresh Mexican Grill,Baja Fish Burrito,"[{'value': 46, 'attr_id': 203}, {'value': 53, 'attr_id': 204}, {'value': 58, 'attr_id': 205}, {'value': 880, 'attr_id': 208}, {'value': 6, 'attr_id': 269}, {'value': 3, 'attr_id': 291}, {'value': 1340, 'attr_id': 307}, {'value': 95, 'attr_id': 601}, {'value': 12, 'attr_id': 606}]",880
133,La Salsa Fresh Mexican Grill,Sonora Fish Burrito,"[{'value': 44, 'attr_id': 203}, {'value': 20, 'attr_id': 204}, {'value': 56, 'attr_id': 205}, {'value': 570, 'attr_id': 208}, {'value': 3, 'attr_id': 269}, {'value': 2, 'attr_id': 291}, {'value': 1340, 'attr_id': 307}, {'value': 65, 'attr_id': 601}, {'value': 8, 'attr_id': 606}]",570
134,La Salsa Fresh Mexican Grill,"Paty Platter, Steak Burrito","[{'value': 215, 'attr_id': 203}, {'value': 265, 'attr_id': 204}, {'value': 419, 'attr_id': 205}, {'value': 4860, 'attr_id': 208}, {'value': 33, 'attr_id': 269}, {'value': 44, 'attr_id': 291}, {'value': 10000, 'attr_id': 307}, {'value': 525, 'attr_id': 601}, {'value': 75, 'attr_id': 606}]",4860
135,La Salsa Fresh Mexican Grill,"Original Gourmet Burrito, Carnitas","[{'value': 37, 'attr_id': 203}, {'value': 40, 'attr_id': 204}, {'value': 83, 'attr_id': 205}, {'value': 830, 'attr_id': 208}, {'value': 6, 'attr_id': 269}, {'value': 10, 'attr_id': 291}, {'value': 2020, 'attr_id': 307}, {'value': 75, 'attr_id': 601}, {'value': 14, 'attr_id': 606}]",830
136,La Salsa Fresh Mexican Grill,"Original Gourmet Burrito, Steak","[{'value': 21, 'attr_id': 203}, {'value': 39, 'attr_id': 204}, {'value': 86, 'attr_id': 205}, {'value': 830, 'attr_id': 208}, {'value': 6, 'attr_id': 269}, {'value': 10, 'attr_id': 291}, {'value': 2020, 'attr_id': 307}, {'value': 75, 'attr_id': 601}, {'value': 13, 'attr_id': 606}]",830
137,La Salsa Fresh Mexican Grill,"Overstuffed Grilled Burrito, Carnitas","[{'value': 66, 'attr_id': 203}, {'value': 59, 'attr_id': 204}, {'value': 108, 'attr_id': 205}, {'value': 1200, 'attr_id': 208}, {'value': 4, 'attr_id': 269}, {'value': 6, 'attr_id': 291}, {'value': 3360, 'attr_id': 307}, {'value': 145, 'attr_id': 601}, {'value': 20, 'attr_id': 606}]",1200
138,La Salsa Fresh Mexican Grill,"Paty Platter, Chicken Burrito","[{'value': 197, 'attr_id': 203}, {'value': 257, 'attr_id': 204}, {'value': 437, 'attr_id': 205}, {'value': 4810, 'attr_id': 208}, {'value': 27, 'attr_id': 269}, {'value': 42, 'attr_id': 291}, {'value': 10000, 'attr_id': 307}, {'value': 535, 'attr_id': 601}, {'value': 70, 'attr_id': 606}]",4810
139,La Salsa Fresh Mexican Grill,"3 Pepper Burrito, Chicken","[{'value': 43, 'attr_id': 203}, {'value': 34, 'attr_id': 204}, {'value': 81, 'attr_id': 205}, {'value': 780, 'attr_id': 208}, {'value': 7, 'attr_id': 269}, {'value': 4, 'attr_id': 291}, {'value': 2140, 'attr_id': 307}, {'value': 95, 'attr_id': 601}, {'value': 15, 'attr_id': 606}]",780
140,La Salsa Fresh Mexican Grill,"3 Pepper Burrito, Steak","[{'value': 40, 'attr_id': 203}, {'value': 37, 'attr_id': 204}, {'value': 79, 'attr_id': 205}, {'value': 780, 'attr_id': 208}, {'value': 7, 'attr_id': 269}, {'value': 4, 'attr_id': 291}, {'value': 2000, 'attr_id': 307}, {'value': 355, 'attr_id': 601}, {'value': 16, 'attr_id': 606}]",780
141,La Salsa Fresh Mexican Grill,"3 Pepper Burrito, Carnitas","[{'value': 42, 'attr_id': 203}, {'value': 35, 'attr_id': 204}, {'value': 79, 'attr_id': 205}, {'value': 780, 'attr_id': 208}, {'value': 7, 'attr_id': 269}, {'value': 4, 'attr_id': 291}, {'value': 2110, 'attr_id': 307}, {'value': 365, 'attr_id': 601}, {'value': 16, 'attr_id': 606}]",780
142,La Salsa Fresh Mexican Grill,"3 Pepper Burrito, Shrimp","[{'value': 35, 'attr_id': 203}, {'value': 34, 'attr_id': 204}, {'value': 80, 'attr_id': 205}, {'value': 940, 'attr_id': 208}, {'value': 8, 'attr_id': 269}, {'value': 4, 'attr_id': 291}, {'value': 2250, 'attr_id': 307}, {'value': 110, 'attr_id': 601}, {'value': 15, 'attr_id': 606}]",940
143,La Salsa Fresh Mexican Grill,Los Cabos Shrimp Burrito,"[{'value': 31, 'attr_id': 203}, {'value': 34, 'attr_id': 204}, {'value': 77, 'attr_id': 205}, {'value': 720, 'attr_id': 208}, {'value': 7, 'attr_id': 269}, {'value': 4, 'attr_id': 291}, {'value': 2230, 'attr_id': 307}, {'value': 100, 'attr_id': 601}, {'value': 14, 'attr_id': 606}]",720
144,La Salsa Fresh Mexican Grill,"Original Gourmet Burrito, Chicken","[{'value': 37, 'attr_id': 203}, {'value': 41, 'attr_id': 204}, {'value': 86, 'attr_id': 205}, {'value': 870, 'attr_id': 208}, {'value': 6, 'attr_id': 269}, {'value': 10, 'attr_id': 291}, {'value': 1810, 'attr_id': 307}, {'value': 70, 'attr_id': 601}, {'value': 14, 'attr_id': 606}]",870
145,La Salsa Fresh Mexican Grill,"Overstuffed Grilled Burrito, Chicken","[{'value': 73, 'attr_id': 203}, {'value': 59, 'attr_id': 204}, {'value': 110, 'attr_id': 205}, {'value': 1260, 'attr_id': 208}, {'value': 5, 'attr_id': 269}, {'value': 6, 'attr_id': 291}, {'value': 3450, 'attr_id': 307}, {'value': 190, 'attr_id': 601}, {'value': 19, 'attr_id': 606}]",1260
146,La Salsa Fresh Mexican Grill,"Overstuffed Grilled Burrito, Steak","[{'value': 66, 'attr_id': 203}, {'value': 66, 'attr_id': 204}, {'value': 109, 'attr_id': 205}, {'value': 1290, 'attr_id': 208}, {'value': 4, 'attr_id': 269}, {'value': 7, 'attr_id': 291}, {'value': 3580, 'attr_id': 307}, {'value': 185, 'attr_id': 601}, {'value': 23, 'attr_id': 606}]",1290
147,La Salsa Fresh Mexican Grill,Side of Chips for Burritos,"[{'value': 3, 'attr_id': 203}, {'value': 10, 'attr_id': 204}, {'value': 25, 'attr_id': 205}, {'value': 200, 'attr_id': 208}, {'value': 0, 'attr_id': 269}, {'value': 1, 'attr_id': 291}, {'value': 180, 'attr_id': 307}, {'value': 0, 'attr_id': 601}, {'value': 1.5, 'attr_id': 606}]",200
148,La Salsa Fresh Mexican Grill,California Burrito with Pinto Beans,"[{'value': 27, 'attr_id': 203}, {'value': 29, 'attr_id': 204}, {'value': 86, 'attr_id': 205}, {'value': 690, 'attr_id': 208}, {'value': 5, 'attr_id': 269}, {'value': 8, 'attr_id': 291}, {'value': 1520, 'attr_id': 307}, {'value': 40, 'attr_id': 601}, {'value': 13, 'attr_id': 606}]",690
149,La Salsa Fresh Mexican Grill,California Burrito with Black Beans,"[{'value': 28, 'attr_id': 203}, {'value': 29, 'attr_id': 204}, {'value': 89, 'attr_id': 205}, {'value': 710, 'attr_id': 208}, {'value': 7, 'attr_id': 269}, {'value': 7, 'attr_id': 291}, {'value': 1520, 'attr_id': 307}, {'value': 40, 'attr_id': 601}, {'value': 13, 'attr_id': 606}]",710
150,La Salsa Fresh Mexican Grill,Bean & Cheese Burrito with Black Beans,"[{'value': 48, 'attr_id': 203}, {'value': 48, 'attr_id': 204}, {'value': 132, 'attr_id': 205}, {'value': 1100, 'attr_id': 208}, {'value': 14, 'attr_id': 269}, {'value': 18, 'attr_id': 291}, {'value': 2120, 'attr_id': 307}, {'value': 85, 'attr_id': 601}, {'value': 22, 'attr_id': 606}]",1100
